title,price,rating
A Light in the ...,£51.77,Three
Tipping the Velvet,£53.74,One
Soumission,£50.10,One
Sharp Objects,£47.82,Four
Sapiens: A Brief History ...,£54.23,Five
The Requiem Red,£22.65,One
The Dirty Little Secrets ...,£33.34,Four
The Coming Woman: A ...,£17.93,Three
The Boys in the ...,£22.60,Four
The Black Maria,£52.15,One
Starving Hearts (Triangular Trade ...,£13.99,Two
Shakespeare's Sonnets,£20.66,Four
Set Me Free,£17.46,Five
Scott Pilgrim's Precious Little ...,£52.29,Five
Rip it Up and ...,£35.02,Five
Our Band Could Be ...,£57.25,Three
Olio,£23.88,One
Mesaerion: The Best Science ...,£37.59,One
Libertarianism for Beginners,£51.33,Two
It's Only the Himalayas,£45.17,Two
In Her Wake,£12.84,One
How Music Works,£37.32,Two
Foolproof Preserving: A Guide ...,£30.52,Three
Chase Me (Paris Nights ...,£25.27,Five
Black Dust,£34.53,Five
Birdsong: A Story in ...,£54.64,Three
America's Cradle of Quarterbacks: ...,£22.50,Three
Aladdin and His Wonderful ...,£53.13,Three
Worlds Elsewhere: Journeys Around ...,£40.30,Five
Wall and Piece,£44.18,Four
The Four Agreements: A ...,£17.66,Five
The Five Love Languages: ...,£31.05,Three
The Elephant Tree,£23.82,Five
The Bear and the ...,£36.89,One
Sophie's World,£15.94,Five
Penny Maybe,£33.29,Three
Maude (1883-1993):She Grew Up ...,£18.02,Two
"In a Dark, Dark ...",£19.63,One
Behind Closed Doors,£52.22,Four
You can't bury them ...,£33.63,Two
Slow States of Collapse: ...,£57.31,Three
Reasons to Stay Alive,£26.41,Two
Private Paris (Private #10),£47.61,Five
#HigherSelfie: Wake Up Your ...,£23.11,Five
Without Borders (Wanderlove #1),£45.07,Two
When We Collided,£31.77,One
"We Love You, Charlie ...",£50.27,Five
Untitled Collection: Sabbath Poems ...,£14.27,Four
Unseen City: The Majesty ...,£44.18,Four
Unicorn Tracks,£18.78,Three
Unbound: How Eight Technologies ...,£25.52,One
Tsubasa: WoRLD CHRoNiCLE 2 ...,£16.28,One
Throwing Rocks at the ...,£31.12,Three
This One Summer,£19.49,Four
Thirst,£17.27,Five
The Torch Is Passed: ...,£19.09,One
The Secret of Dreadwillow ...,£56.13,One
The Pioneer Woman Cooks: ...,£56.41,One
The Past Never Ends,£56.50,Four
The Natural History of ...,£45.22,Three
The Nameless City (The ...,£38.16,Four
The Murder That Never ...,£54.11,Three
The Most Perfect Thing: ...,£42.96,Four
The Mindfulness and Acceptance ...,£23.89,Four
The Life-Changing Magic of ...,£16.77,Three
The Inefficiency Assassin: Time ...,£20.59,Five
The Gutsy Girl: Escapades ...,£37.13,One
The Electric Pencil: Drawings ...,£56.06,One
The Death of Humanity: ...,£58.11,Four
The Bulletproof Diet: Lose ...,£49.05,Three
The Art Forger,£40.76,Three
The Age of Genius: ...,£19.73,One
The Activist's Tao Te ...,£32.24,Five
Spark Joy: An Illustrated ...,£41.83,Four
Soul Reader,£39.58,Two
Security,£39.25,Two
"Saga, Volume 6 (Saga ...",£25.02,Three
"Saga, Volume 5 (Saga ...",£51.04,Two
Reskilling America: Learning to ...,£19.83,Two
"Rat Queens, Vol. 3: ...",£50.40,Three
"Princess Jellyfish 2-in-1 Omnibus, ...",£13.61,Five
Princess Between Worlds (Wide-Awake ...,£13.34,Five
"Pop Gun War, Volume ...",£18.97,One
"Political Suicide: Missteps, Peccadilloes, ...",£36.28,Two
Patience,£10.16,Three
"Outcast, Vol. 1: A ...",£15.44,Four
orange: The Complete Collection ...,£48.41,One
Online Marketing for Busy ...,£46.35,One
On a Midnight Clear,£14.07,Three
Obsidian (Lux #1),£14.86,Two
My Paris Kitchen: Recipes ...,£33.37,Two
Masks and Shadows,£56.40,Two
Mama Tried: Traditional Italian ...,£14.02,Four
"Lumberjanes, Vol. 2: Friendship ...",£46.91,Two
"Lumberjanes, Vol. 1: Beware ...",£45.61,Three
Lumberjanes Vol. 3: A ...,£19.92,Two
"Layered: Baking, Building, and ...",£40.11,One
Judo: Seven Steps to ...,£53.90,Two
Join,£35.67,Five
In the Country We ...,£22.00,Four
Immunity: How Elie Metchnikoff ...,£57.36,Five
"I Hate Fairyland, Vol. ...",£29.17,Two
I am a Hero ...,£54.63,Three
How to Be Miserable: ...,£46.03,One
Her Backup Boyfriend (The ...,£33.97,One
"Giant Days, Vol. 2 ...",£22.11,Two
Forever and Forever: The ...,£29.69,Three
First and First (Five ...,£15.97,Four
Fifty Shades Darker (Fifty ...,£21.96,One
Everydata: The Misinformation Hidden ...,£54.35,Two
Don't Be a Jerk: ...,£37.97,Two
Danganronpa Volume 1,£51.99,Four
Crown of Midnight (Throne ...,£43.29,Three
"Codename Baboushka, Volume 1: ...",£36.72,Four
Camp Midnight,£17.08,Four
Call the Nurse: True ...,£29.14,Five
Burning,£28.81,Three
Bossypants,£49.46,Two
"Bitch Planet, Vol. 1: ...",£37.92,Two
Avatar: The Last Airbender: ...,£28.09,Two
Algorithms to Live By: ...,£30.81,One
A World of Flavor: ...,£42.95,One
"A Piece of Sky, ...",£56.76,Five
A Murder in Time,£16.64,One
A Flight of Arrows ...,£55.53,Five
A Fierce and Subtle ...,£28.13,Four
A Court of Thorns ...,£52.37,One
(Un)Qualified: How God Uses ...,£54.00,Five
You Are What You ...,£21.87,Four
William Shakespeare's Star Wars: ...,£43.30,Four
Tuesday Nights in 1980,£21.04,Two
Tracing Numbers on a ...,£41.60,Three
Throne of Glass (Throne ...,£35.07,Three
Thomas Jefferson and the ...,£59.64,One
Thirteen Reasons Why,£52.72,One
The White Cat and ...,£58.08,Four
The Wedding Dress,£24.12,One
The Vacationers,£42.15,Four
The Third Wave: An ...,£12.61,Five
The Stranger,£17.44,Four
The Shadow Hero (The ...,£33.14,One
The Secret (The Secret ...,£27.37,Four
The Regional Office Is ...,£51.36,Five
The Psychopath Test: A ...,£36.00,Two
The Project,£10.65,One
The Power of Now: ...,£43.54,Two
The Omnivore's Dilemma: A ...,£38.21,Two
The Nerdy Nummies Cookbook: ...,£37.34,Five
The Murder of Roger ...,£44.10,Four
The Mistake (Off-Campus #2),£43.29,Three
The Matchmaker's Playbook (Wingmen ...,£55.85,One
The Love and Lemons ...,£37.60,Two
The Long Shadow of ...,£10.97,One
The Kite Runner,£41.82,Four
The House by the ...,£36.95,One
The Glittering Court (The ...,£44.28,One
The Girl on the ...,£55.02,Two
The Genius of Birds,£17.24,One
The Emerald Mystery,£23.15,Two
The Cookies & Cups ...,£41.25,One
The Bridge to Consciousness: ...,£32.00,Three
The Artist's Way: A ...,£38.49,Five
The Art of War,£33.34,Five
The Argonauts,£10.93,Two
The 10% Entrepreneur: Live ...,£27.55,Three
Suddenly in Love (Lake ...,£55.99,Two
Something More Than This,£16.24,Four
Soft Apocalypse,£26.12,Two
So You've Been Publicly ...,£12.23,Two
Shoe Dog: A Memoir ...,£23.99,Two
"Shobu Samurai, Project Aryoku ...",£29.06,Three
Secrets and Lace (Fatal ...,£20.27,One
Scarlett Epstein Hates It ...,£43.55,Five
Romero and Juliet: A ...,£36.94,One
Redeeming Love,£20.47,Five
Poses for Artists Volume ...,£41.06,One
Poems That Make Grown ...,£14.19,Four
"Nightingale, Sing",£38.28,One
Night Sky with Exit ...,£41.05,One
Mrs. Houdini,£30.25,Five
Modern Romance,£28.26,Five
Miss Peregrine’s Home for ...,£10.76,One
Louisa: The Extraordinary Life ...,£16.85,Two
Little Red,£13.47,Three
Library of Souls (Miss ...,£48.56,Five
Large Print Heart of ...,£19.15,Two
I Had a Nice ...,£57.36,Four
Hollow City (Miss Peregrine’s ...,£42.98,One
Grumbles,£22.16,Two
Full Moon over Noah’s ...,£49.43,Four
Frostbite (Vampire Academy #2),£29.99,Five
Follow You Home,£21.36,One
First Steps for New ...,£29.00,One
Finders Keepers (Bill Hodges ...,£53.53,Five
"Fables, Vol. 1: Legends ...",£41.62,Four
Eureka Trivia 6.0,£54.59,Four
Drive: The Surprising Truth ...,£34.95,Four
Done Rubbed Out (Reightman ...,£37.72,Five
Doing It Over (Most ...,£35.61,Three
Deliciously Ella Every Day: ...,£42.16,Three
Dark Notes,£19.19,Five
Daring Greatly: How the ...,£19.43,Three
Close to You,£49.46,Four
Chasing Heaven: What Dying ...,£37.80,Two
Big Magic: Creative Living ...,£30.80,Three
Becoming Wise: An Inquiry ...,£27.43,Two
Beauty Restored (Riley Family ...,£11.11,Two
Batman: The Long Halloween ...,£36.50,Two
Batman: The Dark Knight ...,£15.38,Five
Ayumi's Violin,£15.48,Two
Anonymous,£46.82,Four
Amy Meets the Saints ...,£18.46,Three
Amid the Chaos,£36.58,One
Amatus,£50.54,Five
Agnostic: A Spirited Manifesto,£12.51,Five
Zealot: The Life and ...,£24.70,Three
You (You #1),£43.61,Five
"Wonder Woman: Earth One, ...",£37.34,Four
Wild Swans,£14.36,Two
Why the Right Went ...,£52.65,Four
Whole Lotta Creativity Going ...,£38.20,Four
What's It Like in ...,£19.60,Two
"We Are Robin, Vol. ...",£53.90,One
Walt Disney's Alice in ...,£12.96,Five
V for Vendetta (V ...,£37.10,Four
Until Friday Night (The ...,£46.31,Two
Unbroken: A World War ...,£45.95,Two
Twenty Yawns,£22.08,Two
Through the Woods,£25.38,Two
This Is Where It ...,£27.12,Two
The Year of Magical ...,£43.04,Two
The Wright Brothers,£56.80,Four
The White Queen (The ...,£25.91,Five
The Wedding Pact (The ...,£32.61,Three
The Time Keeper,£27.88,Five
The Testament of Mary,£52.67,Four
The Star-Touched Queen,£46.02,Five
The Songs of the ...,£44.48,Five
The Song of Achilles,£37.40,Five
The Rosie Project (Don ...,£54.04,One
The Power of Habit: ...,£16.88,Three
The Marriage of Opposites,£28.08,Four
The Lucifer Effect: Understanding ...,£10.40,One
The Long Haul (Diary ...,£44.07,One
The Loney,£23.40,One
The Literature Book (Big ...,£17.43,Three
The Last Mile (Amos ...,£54.21,Two
The Immortal Life of ...,£40.67,Two
The Hidden Oracle (The ...,£52.26,Two
The Help Yourself Cookbook ...,£28.77,Three
The Guilty (Will Robie ...,£13.82,Two
The First Hostage (J.B. ...,£25.85,Three
The Dovekeepers,£48.78,One
The Darkest Lie,£35.35,Five
The Bane Chronicles (The ...,£44.73,Four
The Bad-Ass Librarians of ...,£15.77,One
The 14th Colony (Cotton ...,£39.24,One
That Darkness (Gardiner and ...,£13.92,One
Tastes Like Fear (DI ...,£10.69,One
Take Me with You,£45.21,Three
Swell: A Year of ...,£45.58,One
Superman Vol. 1: Before ...,£11.89,Five
Still Life with Bread ...,£26.41,Three
Steve Jobs,£39.50,Five
Sorting the Beef from ...,£44.74,Four
Someone Like You (The ...,£52.79,Five
"So Cute It Hurts!!, ...",£35.43,Four
Shtum,£55.84,Four
See America: A Celebration ...,£48.87,Three
salt.,£46.78,Four
Robin War,£47.82,Three
"Red Hood/Arsenal, Vol. 1: ...",£25.48,Two
Rain Fish,£23.57,Three
Quarter Life Poetry: Poems ...,£50.89,Five
Pet Sematary,£10.56,Three
"Overload: How to Unplug, ...",£52.15,Three
Once Was a Time,£18.28,Two
Old School (Diary of ...,£11.83,Five
No Dream Is Too ...,£21.95,Two
"Naruto (3-in-1 Edition), Vol. ...",£38.39,Two
My Name Is Lucy ...,£41.56,One
My Mrs. Brown,£24.48,Three
My Kind of Crazy,£40.36,One
Mr. Mercedes (Bill Hodges ...,£28.90,One
More Than Music (Chasing ...,£37.61,Two
Made to Stick: Why ...,£38.85,Five
Luis Paints the World,£53.95,Three
Luckiest Girl Alive,£49.83,Three
Lowriders to the Center ...,£51.51,Two
Love Is a Mix ...,£18.03,One
Looking for Lovely: Collecting ...,£29.14,Five
Living Leadership by Insight: ...,£46.91,Four
Let It Out: A ...,£26.79,Five
Lady Midnight (The Dark ...,£16.28,Five
"It's All Easy: Healthy, ...",£19.55,One
Island of Dragons (Unwanteds ...,£29.65,One
I Know What I'm ...,£25.98,Four
I Am Pilgrim (Pilgrim ...,£10.60,Four
Hyperbole and a Half: ...,£14.75,Five
"Hush, Hush (Hush, Hush ...",£47.02,Three
Hold Your Breath (Search ...,£28.82,One
Hamilton: The Revolution,£58.79,Three
Greek Mythic History,£10.23,Five
God: The Most Unpleasant ...,£30.03,Five
Glory over Everything: Beyond ...,£45.84,Three
Feathers: Displays of Brilliant ...,£49.05,Three
Far & Away: Places ...,£15.06,Four
Every Last Word,£46.47,Three
Eligible (The Austen Project ...,£27.09,Three
El Deafo,£57.62,Five
Eight Hundred Grapes,£14.39,Four
Eaternity: More than 150 ...,£51.75,Five
"Eat Fat, Get Thin",£54.07,Two
Don't Get Caught,£55.35,One
Doctor Sleep (The Shining ...,£40.12,Two
Demigods & Magicians: Percy ...,£37.51,Five
Dear Mr. Knightley,£11.21,Five
Daily Fantasy Sports,£36.58,One
Crazy Love: Overwhelmed by ...,£47.72,Two
Cometh the Hour (The ...,£25.01,Three
Code Name Verity (Code ...,£22.13,Four
Clockwork Angel (The Infernal ...,£44.14,One
City of Glass (The ...,£56.02,Four
City of Fallen Angels ...,£11.23,Four
City of Bones (The ...,£43.28,One
City of Ashes (The ...,£47.27,One
Cell,£20.29,Four
Catching Jordan (Hundred Oaks),£50.83,Three
"Carry On, Warrior: Thoughts ...",£31.85,Three
Carrie,£46.23,Two
Buying In: The Secret ...,£37.80,Four
Brain on Fire: My ...,£49.32,Five
Batman: Europa,£32.01,Two
Barefoot Contessa Back to ...,£28.01,One
Barefoot Contessa at Home: ...,£50.62,Five
Balloon Animals,£17.03,Three
Art Ops Vol. 1,£48.80,Three
Aristotle and Dante Discover ...,£58.14,Four
Angels Walking (Angels Walking ...,£34.20,Two
Angels & Demons (Robert ...,£51.48,Three
All the Light We ...,£29.87,Five
Adulthood Is a Myth: ...,£10.90,Two
Abstract City,£56.37,Five
A Time of Torment ...,£48.35,Five
A Study in Scarlet ...,£16.73,Two
A Series of Catastrophes ...,£56.48,Two
A People's History of ...,£40.79,Two
A Man Called Ove,£39.72,One
A Distant Mirror: The ...,£14.58,Three
A Brush of Wings ...,£55.51,One
1491: New Revelations of ...,£21.80,Three
"The Three Searches, Meaning, ...",£13.33,Three
Searching for Meaning in ...,£38.73,One
Rook,£37.86,Four
My Kitchen Year: 136 ...,£11.53,Two
13 Hours: The Inside ...,£27.06,One
Will You Won't You ...,£13.86,Three
Tipping Point for Planet ...,£37.55,One
The Star-Touched Queen,£32.30,Five
The Silent Sister (Riley ...,£46.29,Five
The Midnight Watch: A ...,£26.20,One
The Lonely City: Adventures ...,£33.26,Two
The Gray Rhino: How ...,£59.15,Four
The Golden Condom: And ...,£39.43,One
The Epidemic (The Program ...,£14.44,Five
The Dinner Party,£56.54,Two
The Diary of a ...,£59.90,Three
The Children,£11.88,Three
Stars Above (The Lunar ...,£48.05,Two
Snatched: How A Drug ...,£21.21,Three
Raspberry Pi Electronics Projects ...,£49.67,Four
Quench Your Own Thirst: ...,£43.14,One
Psycho: Sanitarium (Psycho #1.5),£36.97,Five
Poisonous (Max Revere Novels ...,£26.80,Three
One with You (Crossfire ...,£15.71,Four
No Love Allowed (Dodge ...,£54.65,Four
Murder at the 42nd ...,£54.36,Four
Most Wanted,£35.28,Three
"Love, Lies and Spies",£20.55,Two
How to Speak Golf: ...,£58.32,Five
Hide Away (Eve Duncan ...,£11.84,One
Furiously Happy: A Funny ...,£41.46,Four
Everyday Italian: 125 Simple ...,£20.10,Five
Equal Is Unfair: America's ...,£56.86,One
Eleanor & Park,£56.51,Five
Dirty (Dive Bar #1),£40.83,Four
Can You Keep a ...,£48.64,One
Boar Island (Anna Pigeon ...,£59.48,Three
A Paris Apartment,£39.01,Four
A la Mode: 120 ...,£38.77,One
Troublemaker: Surviving Hollywood and ...,£48.39,Two
The Widow,£27.26,Two
The Sleep Revolution: Transforming ...,£11.68,Four
The Improbability of Love,£59.45,One
The Art of Startup ...,£21.00,Three
Take Me Home Tonight ...,£53.98,Three
Sleeping Giants (Themis Files ...,£48.74,One
Setting the World on ...,£21.15,Two
Playing with Fire,£13.71,Three
Off the Hook (Fishing ...,£47.67,Three
Mothering Sunday,£13.34,Two
"Mother, Can You Not?",£16.89,Five
M Train,£27.18,One
Lilac Girls,£17.28,Two
Lies and Other Acts ...,£45.14,One
Lab Girl,£40.85,One
Keep Me Posted,£20.46,Four
It Didn't Start with ...,£56.27,Three
Grey (Fifty Shades #4),£48.49,Four
"Exit, Pursued by a ...",£51.34,Four
Daredevils,£16.34,Three
Cravings: Recipes for What ...,£20.50,Three
Born for This: How ...,£21.59,Five
Arena,£21.36,Four
Adultery,£20.88,Five
A Mother's Reckoning: Living ...,£19.53,Three
A Gentleman's Position (Society ...,£14.75,Five
11/22/63,£48.48,Three
10% Happier: How I ...,£24.57,Two
10-Day Green Smoothie Cleanse: ...,£49.71,Five
Without Shame,£48.27,Five
Watchmen,£58.05,Four
Unlimited Intuition Now,£58.87,Four
Underlying Notes,£11.82,Two
The Shack,£28.03,One
The New Brand You: ...,£44.05,Five
The Moosewood Cookbook: Recipes ...,£12.34,Four
The Flowers Lied,£16.68,Two
The Fabric of the ...,£55.91,One
The Book of Mormon,£24.57,Three
The Art and Science ...,£52.98,Five
The Alien Club,£54.40,One
Suzie Snowflake: One beautiful ...,£54.81,Five
Nap-a-Roo,£25.08,One
NaNo What Now? Finding ...,£10.41,Four
Modern Day Fables,£47.44,Two
If I Gave You ...,£20.91,One
"Fruits Basket, Vol. 9 ...",£33.95,Four
Dress Your Family in ...,£43.68,Three
Don't Forget Steven,£33.23,One
Chernobyl 01:23:40: The Incredible ...,£35.92,Two
Art and Fear: Observations ...,£48.63,Four
A Shard of Ice ...,£56.63,Three
A Hero's Curse (The ...,£50.49,Three
23 Degrees South: A ...,£35.79,Two
Zero to One: Notes ...,£34.06,Three
Why Not Me?,£17.76,One
When Breath Becomes Air,£39.36,Two
Vagabonding: An Uncommon Guide ...,£36.94,Two
The Unlikely Pilgrimage of ...,£43.62,Five
The New Drawing on ...,£43.02,Three
"The Midnight Assassin: Panic, ...",£28.45,Four
The Martian (The Martian ...,£41.39,Two
The High Mountains of ...,£51.15,One
The Grownup,£35.88,One
The E-Myth Revisited: Why ...,£36.91,One
South of Sunshine,£28.93,One
Smarter Faster Better: The ...,£38.89,Five
Silence in the Dark ...,£58.33,Three
Shadows of the Past ...,£39.67,Five
Roller Girl,£14.10,Five
Rising Strong,£21.82,Three
Proofs of God: Classical ...,£54.21,One
Please Kill Me: The ...,£31.19,Four
Out of Print: City ...,£53.64,Five
My Life Next Door ...,£36.39,Five
Miller's Valley,£58.54,Two
Man's Search for Meaning,£29.48,Three
Love That Boy: What ...,£25.06,Two
Living Forward: A Proven ...,£12.55,Three
Les Fleurs du Mal,£29.04,Five
Left Behind (Left Behind ...,£40.72,Two
Kill 'Em and Leave: ...,£45.05,Five
Kierkegaard: A Christian Missionary ...,£47.13,One
John Vassos: Industrial Design ...,£20.22,Four
I'll Give You the ...,£56.48,One
I Will Find You,£44.21,One
Hystopia: A Novel,£21.96,Four
Howl and Other Poems,£40.45,Two
History of Beauty,£10.29,Four
Heaven is for Real: ...,£52.86,Two
Future Shock (Future Shock ...,£55.65,Five
Ender's Game (The Ender ...,£43.64,One
Diary of a Citizen ...,£28.41,One
Death by Leisure: A ...,£37.51,Four
Brilliant Beacons: A History ...,£11.45,Three
Brazen: The Courage to ...,£19.22,Two
Between the World and ...,£56.91,Four
Being Mortal: Medicine and ...,£55.06,Four
A Murder Over a ...,£13.20,Three
32 Yolks,£53.63,Two
"""Most Blessed of the ...",£44.48,Five
You Are a Badass: ...,£12.08,Three
Wildlife of New York: ...,£22.14,Two
What Happened on Beale ...,£25.37,Five
Unreasonable Hope: Finding Faith ...,£46.33,Two
Under the Tuscan Sun,£37.33,Three
Toddlers Are A**holes: It's ...,£25.55,One
The Year of Living ...,£34.72,One
The Whale,£35.96,Four
The Story of Art,£41.14,Four
The Origin of Species,£10.01,Four
The Great Gatsby,£36.05,Four
The Good Girl,£49.03,Three
The Glass Castle,£16.24,One
The Faith of Christopher ...,£39.55,One
The Drowning Girls,£35.67,Three
The Constant Princess (The ...,£16.62,Three
The Bourne Identity (Jason ...,£42.78,Four
The Bachelor Girl's Guide ...,£52.30,Five
The Art Book,£32.34,Two
The 7 Habits of ...,£33.17,Four
Team of Rivals: The ...,£20.12,Five
Steal Like an Artist: ...,£20.90,Two
"Sit, Stay, Love",£20.90,Three
Sister Dear,£40.20,Four
"Shrunken Treasures: Literary Classics, ...",£52.87,Three
"Rich Dad, Poor Dad",£51.74,One
Raymie Nightingale,£34.41,Two
Playing from the Heart,£32.38,One
Nightstruck: A Novel,£50.35,Four
Naturally Lean: 125 Nourishing ...,£11.38,Five
Meternity,£43.58,Three
Memoirs of a Geisha,£49.67,Three
Like Never Before (Walker ...,£28.77,Two
Life of Pi,£13.22,Four
Leave This Song Behind: ...,£51.17,Five
King's Folly (The Kinsman ...,£39.61,Five
John Adams,£57.43,Four
How to Cook Everything ...,£46.01,Four
How to Be a ...,£28.25,Two
Good in Bed (Cannie ...,£37.05,Five
"Fruits Basket, Vol. 7 ...",£19.57,One
For the Love: Fighting ...,£45.13,Three
Finding God in the ...,£46.64,Two
Every Heart a Doorway ...,£12.16,Five
Delivering the Truth (Quaker ...,£20.89,Four
Counted With the Stars ...,£17.97,Five
"Chronicles, Vol. 1",£52.60,Two
Blue Like Jazz: Nonreligious ...,£25.77,One
Benjamin Franklin: An American ...,£48.19,Three
At The Existentialist Café: ...,£29.93,Five
A Summer In Europe,£44.34,Two
A Short History of ...,£52.40,Five
A Gathering of Shadows ...,£44.81,Four
The Sound Of Love,£57.84,Five
The Rise and Fall ...,£39.67,Two
The Perks of Being ...,£55.02,Three
The Mysterious Affair at ...,£24.80,Four
The Man Who Mistook ...,£59.45,Four
The Makings of a ...,£31.58,Two
The Joy of Cooking,£43.27,Four
The Invention of Wings,£37.34,One
The Hobbit (Middle-Earth Universe),£17.80,Five
The Great Railway Bazaar,£30.54,One
The Golden Compass (His ...,£18.77,One
The God Delusion,£46.85,Three
The Girl You Left ...,£15.79,One
The Fellowship of the ...,£10.27,Two
The Collected Poems of ...,£15.42,Five
The Barefoot Contessa Cookbook,£59.92,Five
Tell the Wolves I'm ...,£50.96,Two
Ship Leaves Harbor: Essays ...,£30.60,Three
Pride and Prejudice,£19.27,Four
Musicophilia: Tales of Music ...,£46.58,One
Mere Christianity,£48.51,Three
Me Before You (Me ...,£19.02,One
In the Woods (Dublin ...,£38.38,Two
In Cold Blood,£49.98,Four
How to Stop Worrying ...,£46.49,Five
Give It Back,£18.32,Two
"Girl, Interrupted",£42.14,Three
Fun Home: A Family ...,£56.59,Four
"Fruits Basket, Vol. 6 ...",£20.96,Four
Deception Point,£40.32,Four
"Death Note, Vol. 6: ...",£36.39,Three
Catherine the Great: Portrait ...,£58.55,Four
Better Homes and Gardens ...,£39.61,Three
An Unquiet Mind: A ...,£21.30,Three
A Year in Provence ...,£56.88,Four
World Without End (The ...,£32.97,Four
"Will Grayson, Will Grayson ...",£47.31,Four
Why Save the Bankers?: ...,£48.67,Two
Where She Went (If ...,£41.73,Four
What If?: Serious Scientific ...,£53.68,Four
Two Summers,£14.64,One
This Is Your Brain ...,£38.40,One
The Secret Garden,£15.08,Four
The Raven King (The ...,£30.57,Two
The Raven Boys (The ...,£57.74,Four
The Power Greens Cookbook: ...,£11.05,Five
The Metamorphosis,£28.58,One
The Mathews Men: Seven ...,£42.91,Five
The Little Paris Bookshop,£24.73,Three
The Hiding Place,£55.91,Four
The Grand Design,£13.76,Three
The Firm,£45.56,Three
The Fault in Our ...,£47.22,One
The False Prince (The ...,£56.00,Five
The Expatriates,£44.58,Two
The Dream Thieves (The ...,£34.50,One
The Darkest Corners,£11.33,Five
The Crossover,£38.77,Four
The 5th Wave (The ...,£11.83,Two
Tell the Wind and ...,£45.51,Three
Tell Me Three Things,£41.81,One
Talking to Girls About ...,£25.15,Four
Siddhartha,£34.22,Five
Shiver (The Wolves of ...,£16.23,Five
Remember Me?,£11.48,Three
Red Dragon (Hannibal Lecter ...,£23.37,Three
Peak: Secrets from the ...,£16.28,Two
My Mother Was Nuts,£31.63,Four
Mexican Today: New and ...,£24.91,Five
Maybe Something Beautiful: How ...,£22.54,One
Lola and the Boy ...,£23.63,Four
Logan Kade (Fallen Crest ...,£13.12,Two
Last One Home (New ...,£59.98,Three
Killing Floor (Jack Reacher ...,£31.49,Four
Kill the Boy Band,£15.52,Five
Isla and the Happily ...,£48.13,Five
If I Stay (If ...,£38.13,Five
I Know Why the ...,£36.55,Two
Harry Potter and the ...,£23.32,One
"Fruits Basket, Vol. 5 ...",£16.33,One
Foundation (Foundation (Publication Order) ...,£32.42,One
Fool Me Once,£16.96,One
Find Her (Detective D.D. ...,£22.37,One
Evicted: Poverty and Profit ...,£42.27,One
Drama,£38.70,Two
Dracula the Un-Dead,£35.63,Five
Digital Fortress,£58.00,Five
"Death Note, Vol. 5: ...",£52.41,One
"Data, A Love Story: ...",£32.35,Three
Critique of Pure Reason,£20.75,One
Booked,£17.49,Five
"Blue Lily, Lily Blue ...",£34.13,Five
Approval Junkie: Adventures in ...,£58.81,Five
An Abundance of Katherines,£10.00,Five
America's War for the ...,£51.22,Two
Alight (The Generations Trilogy ...,£58.59,Four
A Girl's Guide to ...,£31.30,One
A Game of Thrones ...,£46.42,Two
A Feast for Crows ...,£17.21,Four
A Clash of Kings ...,£10.79,Three
Vogue Colors A to ...,£52.35,Four
The Shining (The Shining ...,£27.88,Three
The Pilgrim's Progress,£50.26,Two
The Perfect Play (Play ...,£59.99,Three
The Passion of Dolssa,£28.32,Five
The Jazz of Physics: ...,£38.71,Three
The Hunger Games (The ...,£29.85,Five
The Hound of the ...,£14.82,Two
The Gunning of America: ...,£16.81,Four
The Geography of Bliss: ...,£28.23,Two
The Demonists (Demonist #1),£52.11,Two
The Demon Prince of ...,£27.88,Two
The Bone Hunters (Lexy ...,£59.71,Three
The Beast (Black Dagger ...,£46.08,Five
Some Women,£13.73,Five
Shopaholic Ties the Knot ...,£48.39,Five
Paper and Fire (The ...,£49.45,Five
Outlander (Outlander #1),£19.67,Five
Orchestra of Exiles: The ...,£12.36,Three
No One Here Gets ...,£20.02,Five
Night Shift (Night Shift ...,£12.75,Four
Needful Things,£47.51,Four
Mockingjay (The Hunger Games ...,£20.44,Four
Misery,£34.79,Two
Little Women (Little Women ...,£28.07,Four
It,£25.01,Three
Harry Potter and the ...,£13.90,Three
Harry Potter and the ...,£24.17,Four
Harry Potter and the ...,£31.63,Four
Harry Potter and the ...,£48.75,Five
Harry Potter and the ...,£14.74,One
Gone with the Wind,£32.49,Three
God Is Not Great: ...,£27.80,One
Girl With a Pearl ...,£26.77,One
"Fruits Basket, Vol. 4 ...",£50.44,Four
Far From True (Promise ...,£34.93,Two
Dark Lover (Black Dagger ...,£12.87,One
Confessions of a Shopaholic ...,£48.94,Two
Changing the Game (Play ...,£13.38,Three
Candide,£58.63,Three
Can You Keep a ...,£21.94,One
Atlas Shrugged,£26.58,Five
Animal Farm,£57.22,Three
A Walk to Remember,£56.43,One
A New Earth: Awakening ...,£55.65,Five
A History of God: ...,£27.62,One
'Salem's Lot,£49.56,Four
Zero History (Blue Ant ...,£34.77,One
Wuthering Heights,£17.73,Three
World War Z: An ...,£21.80,One
Wild: From Lost to ...,£46.02,Three
"Where'd You Go, Bernadette",£18.13,One
When You Are Engulfed ...,£30.89,Five
We the People: The ...,£31.95,Three
We Are All Completely ...,£24.04,One
Walk the Edge (Thunder ...,£32.36,Three
Voyager (Outlander #3),£21.07,Five
Very Good Lives: The ...,£50.66,Three
Vegan Vegetarian Omnivore: Dinner ...,£13.66,Two
"Unstuffed: Decluttering Your Home, ...",£58.09,One
Under the Banner of ...,£30.00,One
Two Boys Kissing,£32.74,Two
Twilight (Twilight #1),£41.93,Two
Twenties Girl,£42.80,Two
Trespassing Across America: One ...,£53.51,One
Three-Martini Lunch,£23.21,Three
"Thinking, Fast and Slow",£21.14,One
The Wild Robot,£56.07,Three
The Wicked + The ...,£14.41,Three
The Undomestic Goddess,£45.75,Four
The Travelers,£15.77,One
The Tipping Point: How ...,£10.02,Two
The Thing About Jellyfish,£48.77,One
The Stand,£57.86,Two
The Smitten Kitchen Cookbook,£23.59,One
The Silkworm (Cormoran Strike ...,£23.05,Five
"The Sandman, Vol. 3: ...",£55.55,Five
The Rose & the ...,£58.64,Four
The Road to Little ...,£23.21,One
The Rise of Theodore ...,£42.57,Three
The Restaurant at the ...,£10.92,One
The Rest Is Noise: ...,£34.77,One
The Red Tent,£35.66,Five
The Purpose Driven Life: ...,£37.19,Three
The Purest Hook (Second ...,£12.25,One
The Picture of Dorian ...,£29.70,Two
The Paris Wife,£36.80,Three
The Obsession,£45.43,One
The Nightingale,£26.26,Four
The New Guy (and ...,£44.92,Three
The Nanny Diaries (Nanny ...,£52.53,Five
The Name of God ...,£37.25,Two
The Maze Runner (The ...,£20.93,One
The Lover's Dictionary,£58.09,Two
The Lonely Ones,£43.59,Five
The Lean Startup: How ...,£33.92,Three
The Last Painting of ...,£55.55,Two
"The Land of 10,000 ...",£29.64,Four
The Infinities,£27.41,One
The Husband's Secret,£52.51,Five
The Hitchhiker's Guide to ...,£47.80,Three
The Guns of August,£14.54,Two
The Guernsey Literary and ...,£49.53,One
The Goldfinch,£43.58,Three
The Giver (The Giver ...,£12.30,One
The Girl with All ...,£49.47,Three
The Girl Who Played ...,£22.14,Two
The Girl Who Kicked ...,£57.48,One
The Exiled,£43.45,Three
The End of Faith: ...,£22.13,Four
"The Elegant Universe: Superstrings, ...",£13.03,Four
The Disappearing Spoon: And ...,£57.35,Five
The Devil Wears Prada ...,£44.29,One
The Demon-Haunted World: Science ...,£52.25,Four
The Day the Crayons ...,£26.33,Five
The Da Vinci Code ...,£22.96,Two
The Cuckoo's Calling (Cormoran ...,£19.21,One
The Complete Stories and ...,£26.78,Four
The Complete Poems,£41.32,Five
The Catcher in the ...,£24.55,One
The Cat in the ...,£16.26,Two
The Case for Christ ...,£47.84,One
The Book Thief,£53.49,Two
The Book of Basketball: ...,£44.84,Five
The Blind Side: Evolution ...,£53.71,Five
The Autobiography of Malcolm ...,£23.43,Two
The Art of Simple ...,£34.32,Three
The Art of Fielding,£22.10,One
"Surely You're Joking, Mr. ...",£25.83,Two
Stiff: The Curious Lives ...,£36.74,Three
Spilled Milk: Based on ...,£49.51,One
Something Borrowed (Darcy & ...,£48.96,Five
Something Blue (Darcy & ...,£54.62,One
Soldier (Talon #3),£24.72,Two
Shopaholic & Baby (Shopaholic ...,£46.45,Two
Seven Days in the ...,£52.33,Two
Seven Brief Lessons on ...,£30.60,Four
Scarlet (The Lunar Chronicles ...,£14.57,Four
Sarah's Key,£46.29,One
"Saga, Volume 3 (Saga ...",£21.57,Five
Running with Scissors,£12.91,Four
Rogue Lawyer (Rogue Lawyer ...,£50.11,Three
Rise of the Rocket ...,£41.67,Four
Rework,£44.88,Two
Reservations for Two,£11.10,Three
Red: The True Story ...,£28.54,Three
Ready Player One,£19.07,Four
Quiet: The Power of ...,£43.55,One
Prodigy: The Graphic Novel ...,£43.63,Three
Persepolis: The Story of ...,£39.13,One
Packing for Mars: The ...,£56.68,Two
Outliers: The Story of ...,£14.16,One
Original Fake,£31.45,Three
Orange Is the New ...,£24.61,Two
One for the Money ...,£32.87,Two
Notes from a Small ...,£40.17,One
Night (The Night Trilogy ...,£13.51,One
Neither Here nor There: ...,£38.95,Three
Naked,£31.69,Three
Morning Star (Red Rising ...,£29.40,One
Miracles from Heaven: A ...,£57.83,One
Midnight Riot (Peter Grant/ ...,£55.46,Two
Me Talk Pretty One ...,£57.60,Two
Manuscript Found in Accra,£34.98,Two
Lust & Wonder,£11.87,Two
Lila (Gilead #3),£12.47,Three
"Life, the Universe and ...",£33.26,Two
Life Without a Recipe,£59.04,Five
Life After Life,£26.13,Two
Letter to a Christian ...,£22.20,One
Let's Pretend This Never ...,£45.11,One
Legend (Legend #1),£43.69,Four
"Lean In: Women, Work, ...",£25.02,One
Lamb: The Gospel According ...,£55.50,Five
Lady Renegades (Rebel Belle ...,£53.04,Five
Jurassic Park (Jurassic Park ...,£44.97,One
It's Never Too Late ...,£42.38,One
Is Everyone Hanging Out ...,£20.11,Three
Into the Wild,£56.70,Five
Inferno (Robert Langdon #4),£41.00,Five
In the Garden of ...,£28.85,Three
If I Run (If ...,£49.97,Four
I've Got Your Number,£19.69,One
I Am Malala: The ...,£28.88,Two
Hungry Girl Clean & ...,£33.14,Three
House of Lost Worlds: ...,£43.70,Two
House of Leaves,£54.89,One
Horrible Bear!,£37.52,Two
Holidays on Ice,£51.07,Two
Heir to the Sky,£44.07,Four
Green Eggs and Ham ...,£10.79,Four
"Grayson, Vol 3: Nemesis ...",£42.72,One
Gratitude,£26.66,Five
Gone Girl,£37.60,Five
Golden (Heart of Dread ...,£42.21,Four
Girl in the Blue ...,£46.83,Two
"Fruits Basket, Vol. 3 ...",£45.17,Two
Friday Night Lights: A ...,£51.22,Three
Fire Bound (Sea Haven/Sisters ...,£21.28,Four
Fifty Shades Freed (Fifty ...,£15.36,Five
Fellside,£38.62,One
Extreme Prey (Lucas Davenport ...,£25.40,Three
Eragon (The Inheritance Cycle ...,£43.87,Three
Eclipse (Twilight #3),£18.74,One
Dune (Dune #1),£54.86,One
Dracula,£52.62,Three
Do Androids Dream of ...,£51.48,One
Disrupted: My Misadventure in ...,£15.28,Five
Dead Wake: The Last ...,£39.24,Five
"David and Goliath: Underdogs, ...",£17.81,One
Darkfever (Fever #1),£56.02,One
Dark Places,£23.90,Five
Crazy Rich Asians (Crazy ...,£49.13,Five
Counting Thyme,£10.62,One
Cosmos,£36.17,Two
Civilization and Its Discontents,£59.95,Two
Cinder (The Lunar Chronicles ...,£26.09,One
Catastrophic Happiness: Finding Joy ...,£37.35,Two
Career of Evil (Cormoran ...,£24.72,Two
Breaking Dawn (Twilight #4),£35.28,Five
Brave Enough,£51.32,Five
Boy Meets Boy,£21.12,Three
Born to Run: A ...,£27.35,Two
Blink: The Power of ...,£21.74,Five
Black Flags: The Rise ...,£40.87,One
"Black Butler, Vol. 1 ...",£49.31,One
Big Little Lies,£22.11,One
Between Shades of Gray,£20.79,Five
Best of My Love ...,£27.41,Two
Beowulf,£38.35,Two
Beautiful Creatures (Caster Chronicles ...,£21.55,Five
Awkward,£38.02,Two
Ash,£22.06,Four
Are We There Yet?,£10.66,Three
Are We Smart Enough ...,£56.58,One
Annie on My Mind,£36.83,Five
And Then There Were ...,£35.01,Two
A Walk in the ...,£30.48,Four
A Visit from the ...,£14.08,Five
A Storm of Swords ...,£31.22,Two
A Heartbreaking Work of ...,£54.29,Five
8 Keys to Mental ...,£31.04,One
#GIRLBOSS,£50.96,One
The Suffragettes (Little Black ...,£11.89,Two
The Sense of an ...,£31.38,Three
"The Sandman, Vol. 2: ...",£54.81,One
The Course of Love,£16.78,Three
Sugar Rush (Offensive Line ...,£24.42,One
"Saga, Volume 2 (Saga ...",£11.75,Three
"Run, Spot, Run: The ...",£20.02,One
New Moon (Twilight #2),£12.86,Four
Life,£31.58,Five
Kindle Paperwhite User's Guide,£34.00,Three
H is for Hawk,£57.42,Five
Girl Online On Tour ...,£53.47,One
"Fruits Basket, Vol. 2 ...",£11.64,Five
Diary of a Minecraft ...,£52.88,Four
"Y: The Last Man, ...",£18.51,Four
While You Were Mine,£41.32,Five
Where Lightning Strikes (Bleeding ...,£39.77,Three
When I'm Gone,£51.96,Three
Ways of Seeing,£39.51,Five
"Vampire Knight, Vol. 1 ...",£15.40,One
Vampire Girl (Vampire Girl ...,£53.82,Two
Twenty Love Poems and ...,£30.95,Four
Travels with Charley: In ...,£57.82,Five
Three Wishes (River of ...,£44.18,Two
This One Moment (Pushing ...,£48.71,One
The Zombie Room,£19.69,Five
The Wicked + The ...,£36.52,Two
The Tumor,£41.56,Five
The Story of Hong ...,£43.19,Four
The Silent Wife,£12.34,Five
The Silent Twin (Detective ...,£36.25,Three
The Selfish Gene,£29.45,One
The Secret Healer,£34.56,Three
"The Sandman, Vol. 1: ...",£54.12,Three
The Republic,£33.78,Three
The Odyssey,£29.64,Three
The No. 1 Ladies' ...,£57.70,Four
The Nicomachean Ethics,£36.34,One
The Name of the ...,£50.59,Three
The Mirror & the ...,£29.38,One
The Little Prince,£45.42,Two
The Light of the ...,£54.43,One
The Last Girl (The ...,£36.26,Two
The Iliad,£16.16,One
The Hook Up (Game ...,£36.29,Five
The Haters,£27.89,Five
The Girl You Lost,£12.29,Five
The Girl In The ...,£15.85,Three
The End of the ...,£14.40,One
The Edge of Reason ...,£19.18,Four
The Complete Maus (Maus ...,£10.64,Three
The Communist Manifesto,£14.76,Three
The Bhagavad Gita,£57.49,Three
The Bette Davis Club,£30.66,Three
The Art of Not ...,£40.83,Four
Taking Shots (Assassins #1),£18.88,Two
Starlark,£25.83,Three
"Skip Beat!, Vol. 01 ...",£42.12,Three
Sister Sable (The Mad ...,£13.33,Three
Shatter Me (Shatter Me ...,£42.40,One
Shameless,£58.35,Three
Shadow Rites (Jane Yellowrock ...,£21.72,Four
Settling the Score (The ...,£44.91,Two
Sense and Sensibility,£37.46,One
"Saga, Volume 1 (Saga ...",£28.48,One
"Rhythm, Chord & Malykhin",£28.34,Two
"Rat Queens, Vol. 1: ...",£46.96,Five
Paradise Lost (Paradise #1),£24.96,One
"Paper Girls, Vol. 1 ...",£21.71,Four
Ouran High School Host ...,£29.87,Three
Origins (Alphas 0.5),£28.99,One
One Second (Seven #7),£52.94,Two
On the Road (Duluoz ...,£32.36,Three
Old Records Never Die: ...,£55.66,Two
Off Sides (Off #1),£39.45,Five
Of Mice and Men,£47.11,Two
Myriad (Prentor #1),£58.75,Four
My Perfect Mistake (Over ...,£38.92,Two
"Ms. Marvel, Vol. 1: ...",£39.39,Four
Meditations,£25.89,Two
Matilda,£28.34,One
Lost Among the Living,£27.70,Four
Lord of the Flies,£24.89,Three
Listen to Me (Fusion ...,£58.99,Three
Kitchens of the Great ...,£57.20,Five
Jane Eyre,£38.43,Five
Imperfect Harmony,£34.74,Four
Icing (Aces Hockey #2),£40.44,Four
"Hawkeye, Vol. 1: My ...",£45.24,Three
Having the Barbarian's Baby ...,£34.96,Four
"Giant Days, Vol. 1 ...",£56.76,Four
"Fruits Basket, Vol. 1 ...",£40.28,Five
Frankenstein,£38.00,Two
Forever Rockers (The Rocker ...,£28.80,Three
Fighting Fate (Fighting #6),£39.24,Three
Emma,£32.93,Two
"Eat, Pray, Love",£51.32,Three
Deep Under (Walker Security ...,£47.09,Five
Choosing Our Religion: The ...,£28.42,Four
Charlie and the Chocolate ...,£22.85,Three
Charity's Cross (Charles Towne ...,£41.24,One
Bright Lines,£39.07,Five
Bridget Jones's Diary (Bridget ...,£29.82,One
Bounty (Colorado Mountain #7),£37.26,Four
Blood Defense (Samantha Brinkman ...,£20.30,Three
"Bleach, Vol. 1: Strawberry ...",£34.65,Five
Beyond Good and Evil,£43.38,One
Alice in Wonderland (Alice's ...,£55.53,One
"Ajin: Demi-Human, Volume 1 ...",£57.06,Four
A Spy's Devotion (The ...,£16.97,Five
1st to Die (Women's ...,£53.98,One
"1,000 Places to See ...",£26.08,Five
